,acc_iou_0_7,acc_iou_0_5,acc_dice_0_7,acc_dice_0_5,avg_iou,avg_dice,voi_1,voi_2
0,0.5660377358490566,0.6037735849056604,0.6037735849056604,0.6886792452830188,0.5897689257402783,0.6501604206735997,0.3279249055394282,0.6001957730327747
1,0.6785714285714286,0.7619047619047619,0.75,0.7976190476190477,0.7209868190056157,0.7773172702374203,0.24722297655089157,0.37903862403298905
2,0.5208333333333334,0.609375,0.5885416666666666,0.7239583333333334,0.5667970588744234,0.6472819161578324,0.5226473400046574,2.1744826830819526
3,0.44871794871794873,0.47435897435897434,0.46153846153846156,0.48717948717948717,0.46741683376976884,0.5117202497994862,0.19792598662707253,0.6292297857763095
