,acc_iou_0_7,acc_iou_0_5,acc_dice_0_7,acc_dice_0_5,avg_iou,avg_dice,voi_1,voi_2
0,0.6287461773700306,0.7238532110091743,0.7070336391437309,0.8250764525993883,0.6717326374354257,0.7540011367868825,0.7015926781587565,0.6337018264539983
1,0.7335115864527629,0.8048128342245989,0.7905525846702317,0.8939393939393939,0.7531685618477842,0.8265513758790977,0.6585632203492157,0.3952954190646557
2,0.7303448275862069,0.8027586206896552,0.7917241379310345,0.8682758620689656,0.7140913651829007,0.7870954525843262,0.5848500613424346,0.5772506599760654
3,0.7675185490519374,0.8384171475680132,0.8219291014014839,0.9249793899422918,0.7652350722352214,0.8432457624840176,0.6447236721357701,0.4833537735252296
4,0.6739130434782609,0.7504725897920604,0.7268431001890359,0.8553875236294896,0.7122914574583482,0.7892418308672099,0.7613918043156995,0.42132518708618316
5,0.68561872909699,0.7681159420289855,0.7447045707915273,0.8573021181716833,0.6975795975834372,0.7805936206443652,0.8873540701085008,0.591723731653495
6,0.7514177693761814,0.8204158790170132,0.8062381852551985,0.888468809073724,0.7558961406927591,0.832081032585923,0.7343179621048982,0.4229614380089328
