,acc_iou_0_7,acc_iou_0_5,acc_dice_0_7,acc_dice_0_5,avg_iou,avg_dice,voi_1,voi_2
0,0.3490566037735849,0.4528301886792453,0.42452830188679247,0.4716981132075472,0.4197356804152751,0.47814761463263805,0.48978083494739916,0.8061842580052947
1,0.5,0.5952380952380952,0.5833333333333334,0.6666666666666666,0.565985892690064,0.6318845682877249,0.33100833683743325,0.5637575488615713
2,0.5104166666666666,0.6197916666666666,0.5885416666666666,0.703125,0.5530964902503305,0.6317440430187465,0.4663241395402822,2.487595217194002
3,0.34615384615384615,0.44871794871794873,0.44871794871794873,0.5384615384615384,0.4467255490240999,0.5134136306259256,0.2539340127677608,0.47038410290891164
