,acc_iou_0_7,acc_iou_0_5,acc_dice_0_7,acc_dice_0_5,avg_iou,avg_dice,voi_1,voi_2
0,0.6357798165137615,0.7342507645259939,0.7162079510703364,0.8229357798165138,0.6756328315956843,0.7563278483124365,0.7406671855475613,0.6047264277959149
1,0.7201426024955436,0.7950089126559715,0.7816399286987522,0.8992869875222816,0.7469811756539436,0.8231662045840552,0.7218627229659809,0.39285279268632806
2,0.6117241379310345,0.7206896551724138,0.7,0.8151724137931035,0.637058571768475,0.7263560797447531,0.8024030614777825,0.6565430702646292
3,0.7831821929101401,0.8557295960428689,0.841714756801319,0.9282769991755977,0.7671441450156118,0.8457293827961961,0.6869967890211781,0.45924859435153664
4,0.6862003780718336,0.7570888468809074,0.7381852551984878,0.8440453686200378,0.7159294070524563,0.790918346246641,0.7782542213590347,0.40608155674160396
5,0.6432552954292085,0.7324414715719063,0.7224080267558528,0.8260869565217391,0.6659227081552697,0.7548093779828636,0.995816993676264,0.6164133767892748
6,0.7419659735349716,0.8223062381852552,0.8024574669187146,0.8979206049149339,0.7515291997595973,0.8304506308189638,0.7483647591303813,0.418813933431441
