,acc_iou_0_7,acc_iou_0_5,acc_dice_0_7,acc_dice_0_5,avg_iou,avg_dice,voi_1,voi_2
0,0.11320754716981132,0.2169811320754717,0.18867924528301888,0.4716981132075472,0.3492353510963818,0.4722500974224564,3.3428393821750495,0.3398723453001434
1,0.13095238095238096,0.3333333333333333,0.2857142857142857,0.5238095238095238,0.4168633248302199,0.5522804733897958,3.3149423018427653,0.17826665573214906
2,0.4895833333333333,0.6458333333333334,0.6197916666666666,0.7760416666666666,0.584279146976769,0.6800796326133423,1.6066114390487223,1.1264004805015786
3,0.08974358974358974,0.16666666666666666,0.10256410256410256,0.4230769230769231,0.32906940082708996,0.45587006497841615,2.903620271539827,0.14654643100772
