,acc_iou_0_7,acc_iou_0_5,acc_dice_0_7,acc_dice_0_5,avg_iou,avg_dice,voi_1,voi_2
0,0.5660377358490566,0.6415094339622641,0.6132075471698113,0.6886792452830188,0.6032168749805025,0.6747686223139887,0.5095382458838555,0.44966429465118224
1,0.7261904761904762,0.8690476190476191,0.8571428571428571,0.9047619047619048,0.7831064781196238,0.8463991665990934,0.3345658080153478,0.29764862849133056
2,0.6302083333333334,0.7239583333333334,0.7083333333333334,0.8020833333333334,0.6509306205019433,0.7282380152658637,0.6207589566780818,1.264795127978671
3,0.5,0.5384615384615384,0.5256410256410257,0.6153846153846154,0.5644379328363217,0.6330775165309509,0.26132113456901773,0.25594023880045125
