,acc_iou_0_7,acc_iou_0_5,acc_dice_0_7,acc_dice_0_5,avg_iou,avg_dice,voi_1,voi_2
0,0.3867924528301887,0.4056603773584906,0.4056603773584906,0.42452830188679247,0.3881392646370721,0.4224424574310759,0.17928849327727867,1.2036242501376602
1,0.5119047619047619,0.5952380952380952,0.5833333333333334,0.6309523809523809,0.5621140019703446,0.6109578711025062,0.16917149866390585,0.7412497139433813
2,0.4739583333333333,0.5625,0.5572916666666666,0.6614583333333334,0.5217359392669702,0.6025477827018525,0.48101682652283384,2.225842590220144
3,0.3076923076923077,0.32051282051282054,0.32051282051282054,0.32051282051282054,0.3184358664110709,0.3447724370627652,0.0934749283043789,1.125746337552013
