,acc_iou_0_7,acc_iou_0_5,acc_dice_0_7,acc_dice_0_5,avg_iou,avg_dice,voi_1,voi_2
0,0.6155963302752293,0.7064220183486238,0.691743119266055,0.8018348623853211,0.6667486339076978,0.7467031711612797,0.6809900380493721,0.6460652653635833
1,0.7058823529411765,0.7887700534759359,0.7718360071301248,0.8912655971479501,0.7478507601509929,0.8214060322775002,0.6244996992373706,0.38916402568636055
2,0.5172413793103449,0.603448275862069,0.5813793103448276,0.7358620689655172,0.5918171448586509,0.680683841724591,0.5056348053494888,0.9217615979670892
3,0.7452596867271228,0.8178070898598516,0.8013190436933223,0.9233305853256389,0.758991324454116,0.8377321902862139,0.6073756413505265,0.518771999918722
4,0.6748582230623819,0.7504725897920604,0.7315689981096408,0.8308128544423441,0.7147402292102512,0.7888077843836588,0.7558010721688999,0.38078174807857856
5,0.600891861761427,0.7001114827201784,0.6767001114827201,0.8160535117056856,0.6550510506640908,0.7437722690957894,0.836823538762988,0.6864358307991023
6,0.7126654064272212,0.782608695652174,0.7599243856332704,0.8771266540642723,0.7384886363070522,0.8170886809157739,0.717244708713066,0.4393802810998224
