,acc_iou_0_7,acc_iou_0_5,acc_dice_0_7,acc_dice_0_5,avg_iou,avg_dice,voi_1,voi_2
0,0.17105263157894737,0.3256578947368421,0.3092105263157895,0.48026315789473684,0.36953937532301717,0.4852395413426597,1.1983522288714084,2.4139410808719743
1,0.14361702127659576,0.3324468085106383,0.30319148936170215,0.5478723404255319,0.37472063203669215,0.49318871652073365,1.332075036308841,2.2541366814090944
2,0.18820224719101122,0.4241573033707865,0.40168539325842695,0.5646067415730337,0.41118466734170916,0.5295803181297232,1.2947641272294035,2.2249664632399098
3,0.17366946778711484,0.33613445378151263,0.3137254901960784,0.4789915966386555,0.3520782507883228,0.45693695331108103,1.2904121833232782,2.4773419647960964
