,acc_iou_0_7,acc_iou_0_5,acc_dice_0_7,acc_dice_0_5,avg_iou,avg_dice,voi_1,voi_2
0,0.5660377358490566,0.6320754716981132,0.6132075471698113,0.6981132075471698,0.5950918864687769,0.6685806137951967,0.672187124222422,0.4578767202224784
1,0.6666666666666666,0.7619047619047619,0.75,0.8452380952380952,0.7317351733467409,0.8029119323362552,0.4064965086385963,0.31986048909186343
2,0.53125,0.6666666666666666,0.65625,0.7604166666666666,0.5969254511752903,0.6850458574990625,0.7468449745433992,1.5414866674107088
3,0.46153846153846156,0.5384615384615384,0.5128205128205128,0.6666666666666666,0.5714960121430266,0.6477877037742963,0.3092872103730792,0.24698534477826814
