,acc_iou_0_7,acc_iou_0_5,acc_dice_0_7,acc_dice_0_5,avg_iou,avg_dice,voi_1,voi_2
0,0.6871559633027523,0.7825688073394496,0.7694189602446483,0.8577981651376146,0.7028563196887618,0.7796093270775011,0.5158371575976533,0.6478291451094863
1,0.7602495543672014,0.8663101604278075,0.8404634581105169,0.9367201426024956,0.7768309345873946,0.8495092844099151,0.5652036996236727,0.3957798978460325
2,0.7448275862068966,0.8213793103448276,0.8117241379310345,0.8758620689655172,0.7230215021206773,0.7944166621732814,0.5385990557771491,0.5769567076982833
3,0.7815333882934872,0.9068425391591096,0.887881286067601,0.9703215169002474,0.7894514251457372,0.866884952010272,0.6506500804170396,0.4400300048702911
4,0.7079395085066162,0.8298676748582231,0.8052930056710775,0.9224952741020794,0.7451529301936687,0.8228195700737241,0.6913305689430357,0.4238586486378082
5,0.7491638795986622,0.8539576365663322,0.8361204013377926,0.9141583054626533,0.7394558736943373,0.8175761984804502,0.6759773138720927,0.5839275789691134
6,0.7514177693761814,0.8809073724007561,0.8638941398865785,0.9536862003780718,0.7774989255765604,0.8570402512759928,0.6559099221497227,0.42899827924736766
