,acc_iou_0_7,acc_iou_0_5,acc_dice_0_7,acc_dice_0_5,avg_iou,avg_dice,voi_1,voi_2
0,0.4811320754716981,0.5377358490566038,0.5188679245283019,0.5471698113207547,0.4813727114040993,0.5264121316291871,0.4508529006992101,0.6868485602663629
1,0.6309523809523809,0.7023809523809523,0.6785714285714286,0.7738095238095238,0.6736387808008918,0.7373272270141613,0.3517495838800843,0.419903071633637
2,0.4791666666666667,0.59375,0.578125,0.7395833333333334,0.550808950281862,0.6424889232494024,0.7053434881240892,2.0759680191481413
3,0.46153846153846156,0.5128205128205128,0.47435897435897434,0.5769230769230769,0.5268263276905204,0.5992679654692228,0.2667530933086583,0.4444010050597913
