,acc_iou_0_7,acc_iou_0_5,acc_dice_0_7,acc_dice_0_5,avg_iou,avg_dice,voi_1,voi_2
0,0.4528301886792453,0.5188679245283019,0.49056603773584906,0.5471698113207547,0.4704329159691763,0.519751322473568,0.46018106606390413,0.6822091800054985
1,0.6071428571428571,0.7023809523809523,0.6666666666666666,0.7380952380952381,0.6571646222090792,0.7194163265327612,0.3433639854255721,0.43817457652059216
2,0.46875,0.5625,0.5520833333333334,0.71875,0.5360900448207152,0.6277622347327755,0.6649570341898604,2.269757834013924
3,0.46153846153846156,0.5128205128205128,0.48717948717948717,0.5512820512820513,0.5193436103037152,0.5875643707620792,0.2679381528532181,0.42939065296005574
