,acc_iou_0_7,acc_iou_0_5,acc_dice_0_7,acc_dice_0_5,avg_iou,avg_dice,voi_1,voi_2
0,0.5094339622641509,0.5471698113207547,0.5283018867924528,0.5849056603773585,0.5168578873104999,0.565116721922181,0.19426313721572172,1.1687322076976503
1,0.6547619047619048,0.7261904761904762,0.7023809523809523,0.7380952380952381,0.6658343762198152,0.7165467569083419,0.18423356548513584,0.4939093452405029
2,0.5989583333333334,0.65625,0.640625,0.7604166666666666,0.6069197894551811,0.6835636622521027,0.5334861110146273,1.7879823805992214
3,0.41025641025641024,0.46153846153846156,0.4230769230769231,0.5128205128205128,0.4601723416581547,0.510740425319781,0.18557904300343941,0.5696782073938417
