,acc_iou_0_7,acc_iou_0_5,acc_dice_0_7,acc_dice_0_5,avg_iou,avg_dice,voi_1,voi_2
0,0.3490566037735849,0.5,0.4716981132075472,0.6320754716981132,0.47923305606493055,0.5633486737999603,1.173764638938286,0.5679875753031214
1,0.6071428571428571,0.7142857142857143,0.7142857142857143,0.8571428571428571,0.6950171407910862,0.7757696496943632,0.716186332647359,0.32490314650008123
2,0.5833333333333334,0.734375,0.7135416666666666,0.7864583333333334,0.6260102606756845,0.7103069055689654,0.6994751232275437,1.542294851116975
3,0.41025641025641024,0.5512820512820513,0.5,0.5769230769230769,0.49587979727687365,0.5700250361831143,1.3969194451127855,0.25077746740694945
