,acc_iou_0_7,acc_iou_0_5,acc_dice_0_7,acc_dice_0_5,avg_iou,avg_dice,voi_1,voi_2
0,0.33962264150943394,0.3490566037735849,0.3490566037735849,0.37735849056603776,0.34667680672567447,0.37912676205109647,0.19239290223220595,1.3498711878693233
1,0.5476190476190477,0.5833333333333334,0.5714285714285714,0.5952380952380952,0.5496723624084898,0.587868531145865,0.17254200264808592,0.798233743177622
2,0.4791666666666667,0.609375,0.59375,0.7135416666666666,0.5548280069463848,0.6427844414526286,0.6146656613438214,2.1137543588168737
3,0.38461538461538464,0.3974358974358974,0.3974358974358974,0.41025641025641024,0.3966129670756905,0.4351019945849354,0.12446094175753937,0.803577060897336
