,acc_iou_0_7,acc_iou_0_5,acc_dice_0_7,acc_dice_0_5,avg_iou,avg_dice,voi_1,voi_2
0,0.6229357798165137,0.7171253822629969,0.7027522935779816,0.8152905198776759,0.6712709940930071,0.7521803830878451,0.7044884263023504,0.6280884139762967
1,0.7130124777183601,0.7887700534759359,0.7754010695187166,0.8885918003565062,0.7455492138969687,0.8203893022166827,0.6580971585167306,0.40405401863128904
2,0.7137931034482758,0.7827586206896552,0.7710344827586207,0.8606896551724138,0.7128384309538223,0.7840001207821328,0.5768345770791428,0.5823952067685182
3,0.7683429513602638,0.8276999175597691,0.8128606760098929,0.9192085737840066,0.7634389780466395,0.8410754604733442,0.6451630160736305,0.4661208233133405
4,0.6550094517958412,0.7353497164461248,0.7145557655954632,0.8431001890359168,0.7091780795206515,0.7864831582751365,0.7573215442040881,0.41130582950512584
5,0.6811594202898551,0.7692307692307693,0.7480490523968785,0.8662207357859532,0.7018450973015549,0.7836041602086994,0.8849710740670651,0.575357602448405
6,0.7296786389413988,0.8090737240075614,0.7863894139886578,0.8903591682419659,0.75152525875985,0.8285093945266224,0.7214968511154091,0.43401546815198133
