,acc_iou_0_7,acc_iou_0_5,acc_dice_0_7,acc_dice_0_5,avg_iou,avg_dice,voi_1,voi_2
0,0.46226415094339623,0.5,0.49056603773584906,0.5849056603773585,0.5167309835636379,0.5903402620196055,0.5841213591234864,0.5518600603697069
1,0.6190476190476191,0.6666666666666666,0.6666666666666666,0.7619047619047619,0.6830505704218965,0.7560120724097249,0.3846992824588705,0.3440759633176226
2,0.53125,0.640625,0.6197916666666666,0.7447916666666666,0.5730284371681288,0.6552454031952948,0.5736924534604446,2.170143498343319
3,0.46153846153846156,0.5,0.48717948717948717,0.5384615384615384,0.5228157631861858,0.5876742927596356,0.23348954813278883,0.4092811732575729
