,acc_iou_0_7,acc_iou_0_5,acc_dice_0_7,acc_dice_0_5,avg_iou,avg_dice,voi_1,voi_2
0,0.6064220183486239,0.7024464831804281,0.6880733944954128,0.8015290519877676,0.6590642804900805,0.7396598054819515,0.8003281234109927,0.6554109789150726
1,0.7049910873440285,0.7843137254901961,0.7638146167557932,0.8672014260249554,0.7392962617335224,0.8126883772293142,0.7323822537397596,0.3862514178469726
2,0.6944827586206896,0.7675862068965518,0.7558620689655172,0.8337931034482758,0.6965863019288999,0.7645362636337764,0.6044205448048748,0.5957333252116677
3,0.7798845836768343,0.8441879637262985,0.8285243198680956,0.9117889530090684,0.7753027544770719,0.8478638852369854,0.6852666100313406,0.4626456344995721
4,0.6474480151228733,0.725897920604915,0.7164461247637051,0.8128544423440454,0.6900057755734169,0.7680539427204532,0.9174751533916605,0.43426638809999296
5,0.6722408026755853,0.7491638795986622,0.7357859531772575,0.8405797101449275,0.6920095309911041,0.7716050972277454,0.8728247867597716,0.5951988817699461
6,0.7448015122873346,0.8100189035916824,0.7930056710775047,0.8846880907372401,0.7529861692106792,0.8280861961579615,0.8338219857378983,0.40893997490937833
