,acc_iou_0_7,acc_iou_0_5,acc_dice_0_7,acc_dice_0_5,avg_iou,avg_dice,voi_1,voi_2
0,0.42452830188679247,0.4716981132075472,0.4716981132075472,0.4716981132075472,0.4338615929920775,0.4747014992624072,0.42503138502504273,0.8461039122872126
1,0.6071428571428571,0.6309523809523809,0.6309523809523809,0.6904761904761905,0.6195047529486363,0.6694911194388711,0.3060257468102851,0.49742869569381476
2,0.5,0.625,0.6145833333333334,0.7291666666666666,0.5738496534977457,0.6621511950628095,0.6749344565563274,1.8600435563775992
3,0.4358974358974359,0.47435897435897434,0.46153846153846156,0.5,0.47146307204802257,0.520509727179813,0.2325071956351043,0.42822537570595176
