,acc_iou_0_7,acc_iou_0_5,acc_dice_0_7,acc_dice_0_5,avg_iou,avg_dice,voi_1,voi_2
0,0.36792452830188677,0.49056603773584906,0.4056603773584906,0.6037735849056604,0.4832340310738217,0.5642404354117766,0.3350631869453913,0.6824049213471659
1,0.5238095238095238,0.6309523809523809,0.6190476190476191,0.7142857142857143,0.6198880007889654,0.7006179377924473,0.23906814780397878,0.37842603683385795
2,0.25,0.4322916666666667,0.4114583333333333,0.625,0.4482317050569691,0.5621046132097641,0.8570771927213909,1.442616551728975
3,0.38461538461538464,0.5128205128205128,0.47435897435897434,0.6025641025641025,0.5159588765132074,0.6001793869759123,0.23122972363043684,0.2614515932399268
