,acc_iou_0_7,acc_iou_0_5,acc_dice_0_7,acc_dice_0_5,avg_iou,avg_dice,voi_1,voi_2
0,0.5957186544342508,0.6960244648318042,0.6712538226299695,0.7993883792048929,0.6554354226403223,0.7379913679083427,0.680594943706172,0.6999792673487284
1,0.6354723707664884,0.7388591800356507,0.713903743315508,0.8609625668449198,0.7038157289729864,0.7883063726435928,0.8879120449300154,0.48662306518617826
2,0.31310344827586206,0.4289655172413793,0.39586206896551723,0.6124137931034482,0.47113930955569355,0.5785866781844404,0.6831976183737821,1.2463107437872134
3,0.7122835943940643,0.7856553998351196,0.7699917559769167,0.8953009068425392,0.7310505549930902,0.8167192183246088,0.7110060436371168,0.590913387828135
4,0.6332703213610587,0.722117202268431,0.6965973534971645,0.8279773156899811,0.6899943938373195,0.7718147501822152,0.7614069374939869,0.4643774750225916
5,0.5150501672240803,0.6109253065774805,0.5897435897435898,0.778149386845039,0.5993049760019965,0.6978009061549386,0.9951136788262058,0.7958600562870197
6,0.6219281663516069,0.722117202268431,0.7003780718336484,0.8525519848771267,0.6935266534637639,0.7844624256465182,0.8725020341411416,0.5264984672104187
