,acc_iou_0_7,acc_iou_0_5,acc_dice_0_7,acc_dice_0_5,avg_iou,avg_dice,voi_1,voi_2
0,0.5,0.5377358490566038,0.5188679245283019,0.5849056603773585,0.5086800032821164,0.556890825282213,0.21354349223288377,1.4229200948983824
1,0.6190476190476191,0.7142857142857143,0.6904761904761905,0.75,0.6535872350047741,0.7047462506175396,0.1680911611508465,0.7892396248836008
2,0.6510416666666666,0.7135416666666666,0.703125,0.7760416666666666,0.6478071332736969,0.720136756778326,0.5271419402301749,1.3151118010303138
3,0.4358974358974359,0.44871794871794873,0.44871794871794873,0.48717948717948717,0.46386253171695924,0.5105747072957456,0.12578702309885428,0.6291193762115311
