,acc_iou_0_7,acc_iou_0_5,acc_dice_0_7,acc_dice_0_5,avg_iou,avg_dice,voi_1,voi_2
0,0.46226415094339623,0.5094339622641509,0.49056603773584906,0.5283018867924528,0.47944363847121185,0.5304129077295278,0.3488558628142141,0.7865978175452406
1,0.6309523809523809,0.7261904761904762,0.7142857142857143,0.7976190476190477,0.702669639683639,0.7694363700713784,0.29768777391685103,0.35228858096200943
2,0.5104166666666666,0.6354166666666666,0.625,0.7552083333333334,0.5826616799267867,0.6689972839649272,0.6503262264827936,1.77487540841892
3,0.41025641025641024,0.46153846153846156,0.44871794871794873,0.5,0.4944030553974116,0.5640655523524262,0.2606350777752485,0.39918938223661676
