,acc_iou_0_7,acc_iou_0_5,acc_dice_0_7,acc_dice_0_5,avg_iou,avg_dice,voi_1,voi_2
0,0.6892966360856269,0.7847094801223241,0.772782874617737,0.8620795107033639,0.7115867408016691,0.7866509989439439,0.5587494344463888,0.5896768196404645
1,0.732620320855615,0.839572192513369,0.8137254901960784,0.9260249554367201,0.7687434910824804,0.8421517677817646,0.5668629953638467,0.38213004774634396
2,0.5868965517241379,0.6910344827586207,0.666896551724138,0.7993103448275862,0.6390209790871575,0.7242237789119625,0.5310896194799182,0.7933201171471322
3,0.8013190436933223,0.8994229183841714,0.877164056059357,0.9678483099752679,0.7915629969690201,0.8675124062914693,0.6260130790597868,0.4420536784441407
4,0.7107750472589792,0.8298676748582231,0.8034026465028355,0.9206049149338374,0.7507278416748114,0.826140180013595,0.667916718070519,0.39071010360541336
5,0.6778149386845039,0.7993311036789298,0.778149386845039,0.882943143812709,0.7056223071795974,0.7885902146045679,0.6226594121487106,0.6674123405409784
6,0.7504725897920604,0.8705103969754253,0.8459357277882797,0.9593572778827977,0.7774313379973454,0.8568245612352466,0.6297555122969318,0.4280480653571262
