,acc_iou_0_7,acc_iou_0_5,acc_dice_0_7,acc_dice_0_5,avg_iou,avg_dice,voi_1,voi_2
0,0.3490566037735849,0.4528301886792453,0.42452830188679247,0.4716981132075472,0.41960391269966285,0.478078311800071,0.543277361547734,0.8048616088950848
1,0.5,0.5952380952380952,0.5833333333333334,0.6666666666666666,0.5648533341715977,0.6298804991667912,0.32985552363946374,0.5649153697118265
2,0.5104166666666666,0.6197916666666666,0.5885416666666666,0.6927083333333334,0.5488979468254911,0.6259607271009978,0.46827968652325047,2.5273240881382675
3,0.34615384615384615,0.44871794871794873,0.44871794871794873,0.5384615384615384,0.446151807369927,0.5131273422575293,0.415923512552012,0.47822218928548454
