,acc_iou_0_7,acc_iou_0_5,acc_dice_0_7,acc_dice_0_5,avg_iou,avg_dice,voi_1,voi_2
0,0.0,0.0,0.0,0.0,0.02159958288227227,0.0401519989480238,0.5060520613062061,4.336292264348546
1,0.0,0.0,0.0,0.011904761904761904,0.03753048576791549,0.06917516574529665,3.547168657122117,3.0957422496633433
2,0.0,0.0,0.0,0.0,0.0250452247697505,0.046025376641788775,1.2472671975324967,5.475578609232476
3,0.0,0.01282051282051282,0.01282051282051282,0.01282051282051282,0.030021170549540937,0.05190185709729215,0.4143655565205877,2.7737335078424685
