,acc_iou_0_7,acc_iou_0_5,acc_dice_0_7,acc_dice_0_5,avg_iou,avg_dice,voi_1,voi_2
0,0.21710526315789475,0.33223684210526316,0.3223684210526316,0.5263157894736842,0.4018393568672572,0.5253373419951746,1.1750778844331429,1.7610471553795448
1,0.23138297872340424,0.39095744680851063,0.3617021276595745,0.6143617021276596,0.4340145470614129,0.5595203429619049,1.3735024119054624,1.3680998866100014
2,0.23314606741573032,0.41292134831460675,0.36235955056179775,0.601123595505618,0.43073910579027797,0.5519247945408556,1.2287703868941675,1.5823753759501538
3,0.19327731092436976,0.31932773109243695,0.29411764705882354,0.49299719887955185,0.3639193535467717,0.47409964500876217,1.1051914068917459,1.8969414155520095
