,acc_iou_0_7,acc_iou_0_5,acc_dice_0_7,acc_dice_0_5,avg_iou,avg_dice,voi_1,voi_2
0,0.45321100917431195,0.545565749235474,0.5327217125382263,0.6342507645259939,0.505710581258003,0.590174223066691,0.641800623923302,2.2051798661161808
1,0.5133689839572193,0.6087344028520499,0.5855614973262032,0.6996434937611408,0.5721633083863552,0.6558873575684729,0.5778872005882678,1.8567028633405336
2,0.5248275862068965,0.6117241379310345,0.593103448275862,0.7020689655172414,0.5564886608134387,0.6356387601140284,0.6384924946192908,1.9380899927880095
3,0.5614179719703215,0.6553998351195384,0.6314921681780709,0.752679307502061,0.6208534807923066,0.7063746307386549,0.5963527906186543,1.5226582426491213
4,0.5482041587901701,0.6379962192816635,0.6238185255198487,0.7485822306238186,0.5964530418208397,0.6859012590906106,0.6490635246693982,1.506626261598511
5,0.5462653288740246,0.6488294314381271,0.6343366778149386,0.7335562987736901,0.5731190739196859,0.661326319865827,0.7637352561399933,1.8636684663135306
6,0.552930056710775,0.6361058601134215,0.6124763705103969,0.7523629489603024,0.6093020030956412,0.6988153311123071,0.6045160387103101,1.4295823076811947
