,acc_iou_0_7,acc_iou_0_5,acc_dice_0_7,acc_dice_0_5,avg_iou,avg_dice,voi_1,voi_2
0,0.0756578947368421,0.1611842105263158,0.15460526315789475,0.34868421052631576,0.277856783125703,0.39118417583236614,1.197714592247358,2.9370045669793727
1,0.0425531914893617,0.15691489361702127,0.13297872340425532,0.30319148936170215,0.2582063181313409,0.3703757969172117,1.3441117809615575,2.941881241408921
2,0.06460674157303371,0.17134831460674158,0.15730337078651685,0.3202247191011236,0.27820745533530666,0.39408589639465086,1.3080141381560138,2.9496224345422917
3,0.058823529411764705,0.17086834733893558,0.15126050420168066,0.32212885154061627,0.25340767458506197,0.3553169986301019,1.295907173761773,3.084070737826009
