,acc_iou_0_7,acc_iou_0_5,acc_dice_0_7,acc_dice_0_5,avg_iou,avg_dice,voi_1,voi_2
0,0.49056603773584906,0.5566037735849056,0.5471698113207547,0.6132075471698113,0.5317332862976417,0.5965918527685714,0.4955414188649792,0.6000223796283762
1,0.6428571428571429,0.7380952380952381,0.7261904761904762,0.7857142857142857,0.6981454303022474,0.7639555962578881,0.3485755135443667,0.38396701885865236
2,0.4739583333333333,0.59375,0.5729166666666666,0.71875,0.5473984177272845,0.6389355632521377,0.7114925795097393,2.0839582006696267
3,0.4358974358974359,0.5128205128205128,0.47435897435897434,0.5897435897435898,0.52628855044261,0.600140363885424,0.2627821484164624,0.45477645639895137
