,acc_iou_0_7,acc_iou_0_5,acc_dice_0_7,acc_dice_0_5,avg_iou,avg_dice,voi_1,voi_2
0,0.6020710059171598,0.6902366863905326,0.6742603550295858,0.7843195266272189,0.64049374459352,0.7214272292031901,0.7559974180411589,0.6780248559417879
1,0.7,0.7699115044247787,0.7548672566371681,0.8699115044247787,0.733028378334325,0.8069943235581328,0.698921335136335,0.3960841543106204
2,0.6802631578947368,0.7453947368421052,0.7296052631578948,0.7986842105263158,0.6685882075558766,0.7377603767931424,0.5865769340283,0.6049591890291823
3,0.7818930041152263,0.8444444444444444,0.8255144032921811,0.91440329218107,0.7724054882464328,0.8457643177542344,0.6638802944863829,0.47073252255373244
4,0.6468926553672316,0.7212806026365348,0.7052730696798494,0.8116760828625236,0.6811971847983446,0.7604817373764906,0.8837651642277349,0.454136886098087
5,0.6765676567656765,0.7546754675467546,0.7348734873487349,0.8437843784378438,0.6862187683879427,0.766834360439273,0.8333718949732511,0.61067178715163
6,0.7450611476952023,0.80620884289746,0.7958607714016933,0.883349012229539,0.7522047385643478,0.8277196640136493,0.8014190450129104,0.4213614473902614
