,acc_iou_0_7,acc_iou_0_5,acc_dice_0_7,acc_dice_0_5,avg_iou,avg_dice,voi_1,voi_2
0,0.5849056603773585,0.6037735849056604,0.5943396226415094,0.6415094339622641,0.5627453871047777,0.6069078570863843,0.30056545863135564,0.675256345000561
1,0.6309523809523809,0.75,0.7142857142857143,0.8452380952380952,0.7071705920887845,0.7707048650343149,0.26331709251218083,0.3924391328344518
2,0.5104166666666666,0.6041666666666666,0.578125,0.7447916666666666,0.5648799248474461,0.6549767927147817,0.6341039003785502,1.8556106461655104
3,0.4230769230769231,0.46153846153846156,0.44871794871794873,0.48717948717948717,0.45359056192384556,0.49704115640204877,0.2060026592877362,0.44078752607879756
