,acc_iou_0_7,acc_iou_0_5,acc_dice_0_7,acc_dice_0_5,avg_iou,avg_dice,voi_1,voi_2
0,0.5,0.5849056603773585,0.5471698113207547,0.6886792452830188,0.5793996360972449,0.6600834313590586,0.8122358084595969,0.4502463327471887
1,0.6904761904761905,0.7619047619047619,0.75,0.8333333333333334,0.7346376376115673,0.8068212921775523,0.43864044459546025,0.32132239344585023
2,0.4947916666666667,0.6145833333333334,0.59375,0.75,0.573572038058046,0.6653353824585793,0.8289562284104208,1.577672744324303
3,0.47435897435897434,0.5512820512820513,0.5384615384615384,0.6282051282051282,0.5667809060273262,0.6410809779682984,0.3314662335270125,0.24424490670621463
